Manufacturer,Model Number,Description,Safety Certification,Nameplate Pmax ((W)),PTC,Notes,"Design Qualification Certification
(Optional Submission) (IEC 61215:2016)",Performance Evaluation (Optional Submission) (IEC 61853-1:2011),Family,Technology,A_c ((m2)),N_s,N_p,BIPV,Nameplate Isc ((A)),Nameplate Voc ((V)),Nameplate Ipmax ((A)),Nameplate Vpmax ((V)),Average NOCT ((°C)),γPmax ((%/°C)),αIsc ((%/°C)),βVoc ((%/°C)),αIpmax ((%/°C)),βVpmax ((%/°C)),"IPmax, low ((A))","VPmax, low ((V))","IPmax, NOCT ((A))","VPmax, NOCT ((V))",Mounting,Type,Short Side ((m)),Long Side ((m)),Geometric Multiplier,P2/Pref,CEC Listing Date,Last Update
Ablytek,6MN6A275,275 W Monocrystalline Module,UL 1703,275.0,246.7,,No Information Submitted,No Information Submitted,Monocrystalline,Mono-c-Si,1.6268799999999999,60.0,1.0,N,9.42,38.97,8.88,30.99,47.4,-0.4509,0.0521,-0.3137,0.0113,-0.4632,2.259480164158687,30.102900283107893,8.88,26.57399811261403,Rack,Flat Plate,0.992,1.64,1.0,0.2473342039030153,,
Ablytek,6MN6A280,280 W Monocrystalline Module,UL 1703,280.0,251.3,,No Information Submitted,No Information Submitted,Monocrystalline,Mono-c-Si,1.6268799999999999,60.0,1.0,N,9.51,39.31,8.96,31.26,47.4,-0.4509,0.0521,-0.3137,0.0113,-0.4632,2.27983584131327,30.36517143755898,8.96,26.8055237496068,Rack,Flat Plate,0.992,1.64,1.0,0.2472414506106034,,
Ablytek,6MN6A285,285 W Monocrystalline Module,UL 1703,285.0,256.0,,No Information Submitted,No Information Submitted,Monocrystalline,Mono-c-Si,1.6268799999999999,60.0,1.0,N,9.59,39.65,9.04,31.53,47.4,-0.4509,0.0521,-0.3137,0.0113,-0.4632,2.300191518467852,30.627442592010066,9.04,27.037049386599563,Rack,Flat Plate,0.992,1.64,1.0,0.2471894164298337,,
Ablytek,6MN6A290,290 W Monocrystalline Module,UL 1703,290.0,260.6,,No Information Submitted,No Information Submitted,Monocrystalline,Mono-c-Si,1.6268799999999999,60.0,1.0,N,9.67,39.99,9.12,31.8,47.4,-0.4509,0.0521,-0.3137,0.0113,-0.4632,2.320547195622435,30.889713746461155,9.12,27.26857502359233,Rack,Flat Plate,0.992,1.64,1.0,0.24717599519975939,,
Advance Power,API-P210,210 W Polycrystalline Module,UL 1703,210.0,186.8,,No Information Submitted,No Information Submitted,Polycrystalline,Multi-c-Si,1.63777,60.0,1.0,N,7.6,35.94,7.09,29.64,47.6,-0.4501,0.05758,-0.3342,-0.009288,-0.4445,1.43,29.16,5.71,26.86,Rack,Flat Plate,0.995,1.646,1.0,0.1985657142857143,,
Advance Power,API-P215,215 W Polycrystalline Module,UL 1703,215.0,191.3,,No Information Submitted,No Information Submitted,Polycrystalline,Multi-c-Si,1.63777,60.0,1.0,N,7.83,36.0,7.18,29.94,47.6,-0.4501,0.05758,-0.3342,-0.009288,-0.4445,1.44,29.46,5.78,27.13,Rack,Flat Plate,0.995,1.646,1.0,0.197313488372093,,
Advance Power,API-P220,220 W Polycrystalline Module,UL 1703,220.0,195.9,,No Information Submitted,No Information Submitted,Polycrystalline,Multi-c-Si,1.63777,60.0,1.0,N,7.95,36.06,7.3,30.12,47.6,-0.4501,0.05758,-0.3342,-0.009288,-0.4445,1.47,29.63,5.88,27.29,Rack,Flat Plate,0.995,1.646,1.0,0.19798227272727273,,
Advance Power,API-M225,225 W Monocrystalline Module,UL 1703,225.0,200.7,,No Information Submitted,No Information Submitted,Monocrystalline,Mono-c-Si,1.63777,60.0,1.0,N,8.11,37.02,7.5,30.0,46.0,-0.4796,0.05373,-0.3564,-0.01732,-0.4685,1.56,29.67,5.99,27.45,Rack,Flat Plate,0.995,1.646,1.0,0.205712,,
Advance Power,API-P225,225 W Polycrystalline Module,UL 1703,225.0,200.5,,No Information Submitted,No Information Submitted,Polycrystalline,Multi-c-Si,1.63777,60.0,1.0,N,8.1,36.42,7.41,30.36,47.6,-0.4501,0.05758,-0.3342,-0.009288,-0.4445,1.49,29.87,5.96,27.51,Rack,Flat Plate,0.995,1.646,1.0,0.1978057777777778,,
Advance Power,API-M230,230 W Monocrystalline Module,UL 1703,230.0,205.3,,No Information Submitted,No Information Submitted,Monocrystalline,Mono-c-Si,1.63777,60.0,1.0,N,8.18,37.32,7.55,30.48,46.0,-0.4796,0.05373,-0.3564,-0.01732,-0.4685,1.57,30.14,6.03,27.89,Rack,Flat Plate,0.995,1.646,1.0,0.20573826086956523,,
Advance Power,API-P230,230 W Polycrystalline Module,UL 1703,230.0,205.0,,No Information Submitted,No Information Submitted,Polycrystalline,Multi-c-Si,1.63777,60.0,1.0,N,8.17,36.6,7.55,30.48,47.6,-0.4501,0.05758,-0.3342,-0.009288,-0.4445,1.52,29.99,6.08,27.62,Rack,Flat Plate,0.995,1.646,1.0,0.19819478260869566,,
Advance Power,API-M235,235 W Monocrystalline Module,UL 1703,235.0,209.8,,No Information Submitted,No Information Submitted,Monocrystalline,Mono-c-Si,1.63777,60.0,1.0,N,8.26,37.5,7.59,30.96,46.0,-0.4796,0.05373,-0.3564,-0.01732,-0.4685,1.58,30.61,6.06,28.33,Rack,Flat Plate,0.995,1.646,1.0,0.20580340425531918,,
Advance Power,API-P235,235 W Polycrystalline Module,UL 1703,235.0,209.6,,No Information Submitted,No Information Submitted,Polycrystalline,Multi-c-Si,1.63777,60.0,1.0,N,8.23,36.72,7.68,30.6,47.6,-0.4501,0.05758,-0.3342,-0.009288,-0.4445,1.59,29.82,6.18,27.73,Rack,Flat Plate,0.995,1.646,1.0,0.2017608510638298,,
Advance Power,API-M240,240 W Monocrystalline Module,UL 1703,240.0,214.4,,No Information Submitted,No Information Submitted,Monocrystalline,Mono-c-Si,1.63777,60.0,1.0,N,8.29,37.56,7.69,31.2,46.0,-0.4796,0.05373,-0.3564,-0.01732,-0.4685,1.6,30.85,6.14,28.55,Rack,Flat Plate,0.995,1.646,1.0,0.2056666666666667,,
Advance Power,API-P240,240 W Polycrystalline Module,UL 1703,240.0,214.2,,No Information Submitted,No Information Submitted,Polycrystalline,Multi-c-Si,1.63777,60.0,1.0,N,8.42,36.72,7.9,30.54,47.6,-0.4501,0.05758,-0.3342,-0.009288,-0.4445,1.63,29.76,6.36,27.67,Rack,Flat Plate,0.995,1.646,1.0,0.20212,,
Advance Power,API-M245,245 W Monocrystalline Module,UL 1703,245.0,219.0,,No Information Submitted,No Information Submitted,Monocrystalline,Mono-c-Si,1.63777,60.0,1.0,N,8.32,37.62,7.78,31.5,46.0,-0.4796,0.05373,-0.3564,-0.01732,-0.4685,1.63,31.31,6.2,28.85,Rack,Flat Plate,0.995,1.646,1.0,0.20830734693877548,,
Advance Power,API-P245,245 W Polycrystalline Module,UL 1703,245.0,218.8,,No Information Submitted,No Information Submitted,Polycrystalline,Multi-c-Si,1.63777,60.0,1.0,N,8.46,36.9,8.0,30.84,47.6,-0.4501,0.05758,-0.3342,-0.009288,-0.4445,1.65,30.05,6.44,27.95,Rack,Flat Plate,0.995,1.646,1.0,0.20237755102040814,,
Advance Power,API-M250,250 W Monocrystalline Module,UL 1703,250.0,223.6,,No Information Submitted,No Information Submitted,Monocrystalline,Mono-c-Si,1.63777,60.0,1.0,N,8.59,37.62,8.17,30.6,46.0,-0.4796,0.05373,-0.3564,-0.01732,-0.4685,1.71,30.42,6.51,28.03,Rack,Flat Plate,0.995,1.646,1.0,0.2080728,,
Advance Power,API-P250,250 W Polycrystalline Module,UL 1703,250.0,223.4,,No Information Submitted,No Information Submitted,Polycrystalline,Multi-c-Si,1.63777,60.0,1.0,N,8.52,37.2,8.03,31.2,47.6,-0.4501,0.05758,-0.3342,-0.009288,-0.4445,1.66,30.4,6.46,28.27,Rack,Flat Plate,0.995,1.646,1.0,0.201856,,
Advance Power,API-M255,255 W Monocrystalline Module,UL 1703,255.0,228.2,,No Information Submitted,No Information Submitted,Monocrystalline,Mono-c-Si,1.63777,60.0,1.0,N,8.67,37.68,8.35,30.6,46.0,-0.4796,0.05373,-0.3564,-0.01732,-0.4685,1.75,30.42,6.66,28.03,Rack,Flat Plate,0.995,1.646,1.0,0.20876470588235294,,
Advance Power,API-P255,255 W Polycrystalline Module,UL 1703,255.0,228.0,,No Information Submitted,No Information Submitted,Polycrystalline,Multi-c-Si,1.63777,60.0,1.0,N,8.56,37.5,8.08,31.56,47.6,-0.4501,0.05758,-0.3342,-0.009288,-0.4445,1.67,30.76,6.5,28.6,Rack,Flat Plate,0.995,1.646,1.0,0.2014478431372549,,
Advance Power,API-M260,260 W Monocrystalline Module,UL 1703,260.0,232.9,,No Information Submitted,No Information Submitted,Monocrystalline,Mono-c-Si,1.63777,60.0,1.0,N,8.8,37.8,8.5,30.6,46.0,-0.4796,0.05373,-0.3564,-0.01732,-0.4685,1.78,30.42,6.78,28.03,Rack,Flat Plate,0.995,1.646,1.0,0.20826000000000003,,
Advance Power,API-P260,260 W Polycrystalline Module,UL 1703,260.0,231.5,,No Information Submitted,No Information Submitted,Polycrystalline,Multi-c-Si,1.951195,72.0,1.0,N,7.83,43.2,7.24,35.93,47.6,-0.4501,0.05758,-0.3342,-0.009288,-0.4445,1.46,35.3,5.85,32.39,Rack,Flat Plate,0.995,1.961,1.0,0.19822307692307692,,
Advance Power,API-M265,265 W Monocrystalline Module,UL 1703,265.0,235.7,,No Information Submitted,No Information Submitted,Monocrystalline,Mono-c-Si,1.951195,72.0,1.0,N,8.11,44.42,7.36,36.0,47.9,-0.4485,0.05332,-0.3244,-0.0183,-0.4339,1.45,35.49,5.94,32.51,Rack,Flat Plate,0.995,1.961,1.0,0.19419056603773585,,
Advance Power,API-P265,265 W Polycrystalline Module,UL 1703,265.0,236.0,,No Information Submitted,No Information Submitted,Polycrystalline,Multi-c-Si,1.951195,72.0,1.0,N,7.95,43.27,7.33,36.14,47.6,-0.4501,0.05758,-0.3342,-0.009288,-0.4445,1.48,35.5,5.93,32.58,Rack,Flat Plate,0.995,1.961,1.0,0.19826415094339622,,
Advance Power,API-M270,270 W Monocrystalline Module,UL 1703,270.0,240.3,,No Information Submitted,No Information Submitted,Monocrystalline,Mono-c-Si,1.951195,72.0,1.0,N,8.14,44.64,7.44,36.21,47.9,-0.4485,0.05332,-0.3244,-0.0183,-0.4339,1.47,35.7,6.01,32.7,Rack,Flat Plate,0.995,1.961,1.0,0.1943666666666667,,
Advance Power,API-P270,270 W Polycrystalline Module,UL 1703,270.0,240.6,,No Information Submitted,No Information Submitted,Polycrystalline,Multi-c-Si,1.951195,72.0,1.0,N,8.1,43.7,7.41,36.43,47.6,-0.4501,0.05758,-0.3342,-0.009288,-0.4445,1.48,36.46,5.99,33.1,Rack,Flat Plate,0.995,1.961,1.0,0.19985481481481482,,
Advance Power,API-M275,275 W Monocrystalline Module,UL 1703,275.0,244.9,,No Information Submitted,No Information Submitted,Monocrystalline,Mono-c-Si,1.951195,72.0,1.0,N,8.18,44.78,7.52,36.58,47.9,-0.4485,0.05332,-0.3244,-0.0183,-0.4339,1.55,36.25,6.04,32.97,Rack,Flat Plate,0.995,1.961,1.0,0.20431818181818182,,
Advance Power,API-P275,275 W Polycrystalline Module,UL 1703,275.0,245.2,,No Information Submitted,No Information Submitted,Polycrystalline,Multi-c-Si,1.951195,72.0,1.0,N,8.17,43.92,7.52,36.58,47.6,-0.4501,0.05758,-0.3342,-0.009288,-0.4445,1.51,36.61,6.08,33.24,Rack,Flat Plate,0.995,1.961,1.0,0.20102218181818182,,
Advance Power,API-M280,280 W Monocrystalline Module,UL 1703,280.0,249.5,,No Information Submitted,No Information Submitted,Monocrystalline,Mono-c-Si,1.951195,72.0,1.0,N,8.21,44.86,7.6,36.86,47.9,-0.4485,0.05332,-0.3244,-0.0183,-0.4339,1.57,36.53,6.11,33.22,Rack,Flat Plate,0.995,1.961,1.0,0.2048289285714286,,
Advance Power,API-P280,280 W Polycrystalline Module,UL 1703,280.0,249.8,,No Information Submitted,No Information Submitted,Polycrystalline,Multi-c-Si,1.951195,72.0,1.0,N,8.23,44.06,7.63,36.72,47.6,-0.4501,0.05758,-0.3342,-0.009288,-0.4445,1.53,36.75,6.16,33.37,Rack,Flat Plate,0.995,1.961,1.0,0.2008125,,
Advance Power,API-M285,285 W Monocrystalline Module,UL 1703,285.0,254.0,,No Information Submitted,No Information Submitted,Monocrystalline,Mono-c-Si,1.951195,72.0,1.0,N,8.39,44.21,7.77,36.72,47.9,-0.4485,0.05332,-0.3244,-0.0183,-0.4339,1.6,36.39,6.24,33.1,Rack,Flat Plate,0.995,1.961,1.0,0.20429473684210528,,
Advance Power,API-P285,285 W Polycrystalline Module,UL 1703,285.0,256.9,,No Information Submitted,No Information Submitted,Polycrystalline,Multi-c-Si,1.951195,72.0,1.0,N,8.32,44.21,7.75,36.79,46.2,-0.4402,0.06001,-0.3285,-0.008008,-0.4339,1.6,36.17,6.21,33.88,Rack,Flat Plate,0.995,1.961,1.0,0.20305964912280705,,
Advance Power,API-M290,290 W Monocrystalline Module,UL 1703,290.0,258.6,,No Information Submitted,No Information Submitted,Monocrystalline,Mono-c-Si,1.951195,72.0,1.0,N,8.48,44.43,7.9,36.72,47.9,-0.4485,0.05332,-0.3244,-0.0183,-0.4339,1.63,36.37,6.35,33.21,Rack,Flat Plate,0.995,1.961,1.0,0.20442448275862066,,
Advance Power,API-P290,290 W Polycrystalline Module,UL 1703,290.0,261.5,,No Information Submitted,No Information Submitted,Polycrystalline,Multi-c-Si,1.951195,72.0,1.0,N,8.46,44.28,7.96,36.79,46.2,-0.4402,0.06001,-0.3285,-0.008008,-0.4339,1.65,36.17,6.38,33.88,Rack,Flat Plate,0.995,1.961,1.0,0.2057948275862069,,
Advance Power,API-P295,295 W Polycrystalline Module,UL 1703,295.0,266.1,,No Information Submitted,No Information Submitted,Polycrystalline,Multi-c-Si,1.951195,72.0,1.0,N,8.49,44.42,8.0,37.01,46.2,-0.4402,0.06001,-0.3285,-0.008008,-0.4339,1.66,36.39,6.41,34.08,Rack,Flat Plate,0.995,1.961,1.0,0.2047708474576271,,
Advance Power,API-P300,300 W Polycrystalline Module,UL 1703,300.0,270.7,,No Information Submitted,No Information Submitted,Polycrystalline,Multi-c-Si,1.951195,72.0,1.0,N,8.54,44.86,8.05,37.66,46.2,-0.4402,0.06001,-0.3285,-0.008008,-0.4339,1.67,37.02,6.45,34.68,Rack,Flat Plate,0.995,1.961,1.0,0.206078,,
Advance Power,API-P305,305 W Polycrystalline Module,UL 1703,305.0,275.4,,No Information Submitted,No Information Submitted,Polycrystalline,Multi-c-Si,1.951195,72.0,1.0,N,8.56,45.0,8.08,37.87,46.2,-0.4402,0.06001,-0.3285,-0.008008,-0.4339,1.67,37.23,6.48,34.88,Rack,Flat Plate,0.995,1.961,1.0,0.20384950819672126,,
Advance Power,API-P310,310 W Polycrystalline Module,UL 1703,310.0,277.3,,No Information Submitted,No Information Submitted,Polycrystalline,Multi-c-Si,1.951195,72.0,1.0,N,8.62,45.22,8.16,38.02,47.6,-0.4501,0.05758,-0.3342,-0.009288,-0.4445,1.69,37.35,6.57,34.41,Rack,Flat Plate,0.995,1.961,1.0,0.20361774193548388,,
Advance Power,API-P315,315 W Polycrystalline Module,UL 1703,315.0,281.9,,No Information Submitted,No Information Submitted,Polycrystalline,Multi-c-Si,1.951195,72.0,1.0,N,8.67,45.58,8.24,38.45,47.6,-0.4501,0.05758,-0.3342,-0.009288,-0.4445,1.71,37.78,6.63,34.8,Rack,Flat Plate,0.995,1.961,1.0,0.2050914285714286,,
Advance Power,API-P320,"320 W, 72 cell polycrystalline module, 1000V max system Vdc",UL 1703,320.0,288.7,,No Information Submitted,No Information Submitted,Polycrystalline,Multi-c-Si,1.94,72.0,,N,9.38,45.51,8.75,36.59,47.69,-0.42,0.05,-0.32,-0.01,-0.42,1.7396449704142014,35.43949475947326,7.020710059171599,33.207317925288905,,,,,,,2018-09-04 00:00:00,
Advance Power,API-P325,"325 W, 72 cell polycrystalline module, 1000V max system Vdc",UL 1703,325.0,293.4,,No Information Submitted,No Information Submitted,Polycrystalline,Multi-c-Si,1.94,72.0,,N,9.44,45.79,8.81,36.88,47.69,-0.42,0.05,-0.32,-0.01,-0.42,1.7515739644970416,35.72037624294545,7.068852071005918,33.47050792797636,,,,,,,2018-09-04 00:00:00,
Advance Power,API-M330,"330 W, 72 cell monocrystalline module, 1000V max system Vdc",UL 1703,330.0,302.4,,No Information Submitted,No Information Submitted,Monocrystalline,Mono-c-Si,1.94,72.0,,N,9.57,46.76,8.75,37.71,44.58,-0.42,0.04,-0.3,-0.02,-0.41,1.732183257918552,36.23370204939569,7.007918552036199,34.12328954282711,,,,,,,2018-09-04 00:00:00,
Advance Power,API-P330,"330 W, 72 cell polycrystalline module, 1000V max system Vdc",UL 1703,330.0,298.0,,No Information Submitted,No Information Submitted,Polycrystalline,Multi-c-Si,1.94,72.0,,N,9.5,46.08,8.87,37.22,47.69,-0.42,0.05,-0.32,-0.01,-0.42,1.7635029585798816,36.04968556839559,7.116994082840237,33.77907551733405,,,,,,,2018-09-04 00:00:00,
Advance Power,API-M335,"335 W, 72 cell monocrystalline module, 1000V max system Vdc",UL 1703,335.0,307.1,,No Information Submitted,No Information Submitted,Monocrystalline,Mono-c-Si,1.94,72.0,,N,9.61,47.04,8.82,37.98,44.58,-0.42,0.04,-0.3,-0.02,-0.41,1.7460407239819005,36.49313189700472,7.063981900452489,34.36760903836048,,,,,,,2018-09-04 00:00:00,
Advance Power,API-P335,"335 W, 72 cell polycrystalline module, 1000V max system Vdc",UL 1703,335.0,302.7,,No Information Submitted,No Information Submitted,Polycrystalline,Multi-c-Si,1.94,72.0,,N,9.56,46.37,8.94,37.55,47.69,-0.42,0.05,-0.32,-0.01,-0.42,1.7774201183431955,36.369309325450146,7.173159763313611,34.078567589357704,,,,,,,2018-09-04 00:00:00,
Advance Power,API-M340,"340 W, 72 cell monocrystalline module, 1000V max system Vdc",UL 1703,340.0,311.8,,No Information Submitted,No Information Submitted,Monocrystalline,Mono-c-Si,1.94,72.0,,N,9.64,47.18,8.96,38.32,44.58,-0.42,0.04,-0.3,-0.02,-0.41,1.7737556561085976,36.81982133473463,7.17610859728507,34.67527062532842,,,,,,,2018-09-04 00:00:00,
Advance Power,API-M345,"345 W, 72 cell monocrystalline module, 1000V max system Vdc",UL 1703,345.0,315.8,,No Information Submitted,No Information Submitted,Polycrystalline,Mono-c-Si,1.94,72.0,,N,9.72,47.28,8.98,38.4,44.6,-0.43,0.04,-0.3,-0.02,-0.41,1.7777149321266972,36.8966894377299,7.19212669683258,34.747661586967936,,,,,,,2018-09-04 00:00:00,
Advance Power,API-M350,"350 W, 72 cell monocrystalline module, 1000V max system Vdc",UL 1703,350.0,320.5,,No Information Submitted,No Information Submitted,Monocrystalline,Mono-c-Si,1.94,72.0,,N,9.81,47.37,9.1,38.48,44.6,-0.43,0.04,-0.3,-0.02,-0.41,1.801470588235294,36.97355754072516,7.288235294117646,34.82005254860745,,,,,,,2018-09-04 00:00:00,
Advance Power,API-M355,"355 W, 72 cell monocrystalline module, 1000V max system Vdc",UL 1703,355.0,325.5,,No Information Submitted,No Information Submitted,Monocrystalline,Mono-c-Si,1.94,72.0,,N,9.9,47.47,9.21,38.55,46.67,-0.386,0.042,-0.282,-0.005,-0.381,1.8182020313140717,37.50819072058811,7.380950213833611,35.39210066095354,,,,,,,2018-09-04 00:00:00,
Advance Power,API-M360,"360 W, 72 cell monocrystalline module, 1000V max system Vdc",UL 1703,360.0,330.2,,No Information Submitted,No Information Submitted,Monocrystalline,Mono-c-Si,1.94,72.0,,N,9.99,47.56,9.32,38.63,46.67,-0.386,0.042,-0.282,-0.005,-0.381,1.840130250128098,37.583207102029284,7.469967324449972,35.462884862275445,,,,,,,2018-09-04 00:00:00,
Advance Power,API-M365,"365 W, 72 cell monocrystalline module, 1000V max system Vdc",UL 1703,365.0,334.9,,No Information Submitted,No Information Submitted,Monocrystalline,Mono-c-Si,1.94,72.0,,N,10.08,47.66,9.43,38.71,46.67,-0.386,0.042,-0.282,-0.005,-0.381,1.8619636873385332,37.65837351623335,7.558599671280327,35.533810632,,,,,,,2018-09-04 00:00:00,
Advance Power,API-M370,"370 W, 72 cell monocrystalline module, 1000V max system Vdc",UL 1703,370.0,339.6,,No Information Submitted,No Information Submitted,Monocrystalline,Mono-c-Si,1.94,72.0,,N,10.17,47.75,9.54,38.78,46.67,-0.386,0.042,-0.282,-0.005,-0.381,1.8837026339519793,37.733690263265814,7.646848435659425,35.604878253264,,,,,,,2018-09-04 00:00:00,
Advanced Solar Power (Hangzhou),ASP-S1-80,80 W Thin Film Module,UL 1703,80.0,75.2,,No Information Submitted,No Information Submitted,Thin Film,Thin Film,0.72,145.0,1.0,N,0.95,118.9,0.85,94.1,45.2,-0.2634,0.0897,-0.3058,0.0933,-0.3292,0.2,32.75,0.69,89.33,Rack,Flat Plate,0.6,1.2,1.0,0.081875,,
AIMS Power,PV555MONO,"555 W, 144 cell monocrystalline module, white backsheet, 1500V max system Vdc",UL 61730,555.0,522.2,,No Information Submitted,No Information Submitted,Monocrystalline,Mono-c-Si,2.61,72.0,2.0,N,13.74,49.9,12.81,43.34,43.3,-0.3423,0.0283,-0.2507,,,2.614056574,41.12164452,10.48174422,39.68973281,,,,,,,2024-08-01 00:00:00,
Alexus Solar,ALEX-400-B-54-S,"400 W, 108 half-cut cell monocrystalline module, black backsheet, 1500V max system Vdc",UL 61730,400.0,370.0,,No Information Submitted,No Information Submitted,Monocrystalline,Mono-c-Si,1.95,54.0,2.0,N,13.67,37.21,12.58,31.18,46.8,-0.36,0.049,-0.31,,,2.473157895,30.58325359,9.951052632,29.73786284,,,,,,,2023-09-01 00:00:00,
Alexus Solar,ALEX-405-B-54-S,"405 W, 108 half-cut cell monocrystalline module, black backsheet, 1500V max system Vdc",UL 61730,405.0,374.7,,No Information Submitted,No Information Submitted,Monocrystalline,Mono-c-Si,1.95,54.0,2.0,N,13.76,37.38,12.92,31.35,46.8,-0.36,0.049,-0.31,,,2.54,30.75,10.22,29.9,,,,,,,2023-09-01 00:00:00,
Alexus Solar,ALEX-410-B-54-S,"410 W, 108 half-cut cell monocrystalline module, black backsheet, 1500V max system Vdc",UL 61730,410.0,379.5,,No Information Submitted,No Information Submitted,Monocrystalline,Mono-c-Si,1.95,54.0,2.0,N,13.85,37.55,13.01,31.52,46.8,-0.36,0.049,-0.31,,,2.557693498,30.91674641,10.29119195,30.06213716,,,,,,,2023-09-01 00:00:00,
Alexus Solar,ALEX-540-B-72-S,"540 W, 144 half-cut cell monocrystalline module, black backsheet, 1500V max system Vdc",UL 61730,540.0,499.7,,No Information Submitted,No Information Submitted,Monocrystalline,Mono-c-Si,2.58,72.0,2.0,N,13.84,49.52,12.96,41.67,46.8,-0.36,0.049,-0.31,,,2.542534351,40.71731603,10.25917557,39.57608002,,,,,,,2023-09-01 00:00:00,
Alexus Solar,ALEX-545-B-72-S,"545 W, 144 half-cut cell monocrystalline module, black backsheet, 1500V max system Vdc",UL 61730,545.0,504.5,,No Information Submitted,No Information Submitted,Monocrystalline,Mono-c-Si,2.58,72.0,2.0,N,13.91,49.68,13.03,41.83,46.8,-0.36,0.049,-0.31,,,2.556267176,40.87365801,10.31458779,39.72804001,,,,,,,2023-09-01 00:00:00,
Alexus Solar,ALEX-550-B-72-S,"550 W, 144 half-cut cell monocrystalline module, black backsheet, 1500V max system Vdc",UL 61730,550.0,509.3,,No Information Submitted,No Information Submitted,Monocrystalline,Mono-c-Si,2.58,72.0,2.0,N,13.98,49.84,13.1,41.99,46.8,-0.36,0.049,-0.31,,,2.57,41.03,10.37,39.88,,,,,,,2023-09-01 00:00:00,
Allesun Industries Inc.,Allesun-530-72IIMBG,"530 W, 144 half-cut cell dual glass monocrystalline module, 1500V max system Vdc",UL 61730,530.0,498.1,,No Information Submitted,No Information Submitted,Monocrystalline,Mono-c-Si,2.56,72.0,2.0,N,13.71,49.26,13.07,40.56,43.8,-0.3364,0.041,-0.254,,,2.581497362,39.99096413,10.18711454,38.6246801,,,,,,,2024-04-02 00:00:00,
Allesun Industries Inc.,AS-530-72IIMB,"530 W, 144 cell monocrystalline module, black backsheet, black frame, 1500V max system Vdc",UL 61730,530.0,498.4,,7/13/2023 [IEC 61215:2016],No Information Submitted,Monocrystalline,Mono-c-Si,2.56,72.0,2.0,N,13.23,49.24,12.54,42.26,43.3,-0.3426,0.0345,-0.2494,,,2.61463937,40.2414191,10.35290551,38.24172201,,,,,,,2024-05-13 00:00:00,
Allesun Industries Inc.,Allesun-535-72IIMBG,"535 W, 144 half-cut cell dual glass monocrystalline module, 1500V max system Vdc",UL 61730,535.0,502.9,,No Information Submitted,No Information Submitted,Monocrystalline,Mono-c-Si,2.56,72.0,2.0,N,13.79,49.34,13.17,40.63,43.8,-0.3364,0.041,-0.254,,,2.601248681,40.05998206,10.26505727,38.69134005,,,,,,,2024-04-02 00:00:00,
Allesun Industries Inc.,AS-535-72IIMB,"535 W, 144 cell monocrystalline module, black backsheet, black frame, 1500V max system Vdc",UL 61730,535.0,503.2,,7/13/2023 [IEC 61215:2016],No Information Submitted,Monocrystalline,Mono-c-Si,2.56,72.0,2.0,N,13.31,49.35,12.62,42.39,43.3,-0.3426,0.0345,-0.2494,,,2.631319685,40.36520955,10.41895276,38.35936101,,,,,,,2024-05-13 00:00:00,
Allesun Industries Inc.,Allesun-540-72IIMBG,"540 W, 144 half-cut cell dual glass monocrystalline module, 1500V max system Vdc",UL 61730,540.0,507.7,,No Information Submitted,No Information Submitted,Monocrystalline,Mono-c-Si,2.56,72.0,2.0,N,13.85,49.42,13.27,40.7,43.8,-0.3364,0.041,-0.254,,,2.621,40.129,10.343,38.758,,,,,,,2024-04-02 00:00:00,
Allesun Industries Inc.,AS-540-72IIMB,"540 W, 144 cell monocrystalline module, black backsheet, black frame, 1500V max system Vdc",UL 61730,540.0,508.0,,7/13/2023 [IEC 61215:2016],No Information Submitted,Monocrystalline,Mono-c-Si,2.56,72.0,2.0,N,13.4,49.53,12.7,42.52,43.3,-0.3426,0.0345,-0.2494,,,2.648,40.489,10.485,38.477,,,,,,,2024-05-13 00:00:00,
Allesun Industries Inc.,Allesun-570-78IIMBG,"570 W, 156 half-cut cell dual glass monocrystalline module, 1500V max system Vdc",UL 61730,570.0,535.5,,No Information Submitted,No Information Submitted,Monocrystalline,Mono-c-Si,2.79,78.0,2.0,N,13.65,53.3,12.76,44.68,43.8,-0.3364,0.041,-0.254,,,2.619518405,42.54227182,10.14537423,41.16879381,,,,,,,2024-04-02 00:00:00,
Allesun Industries Inc.,Allesun-575-78IIMBG,"575 W, 156 half-cut cell dual glass monocrystalline module, 1500V max system Vdc",UL 61730,575.0,540.3,,No Information Submitted,No Information Submitted,Monocrystalline,Mono-c-Si,2.79,78.0,2.0,N,13.72,53.44,12.83,44.82,43.8,-0.3364,0.041,-0.254,,,2.633888804,42.67557348,10.20103067,41.29779182,,,,,,,2024-04-02 00:00:00,
Allesun Industries Inc.,Allesun-580-78IIMBG,"580 W, 156 half-cut cell dual glass monocrystalline module, 1500V max system Vdc",UL 61730,580.0,545.1,,No Information Submitted,No Information Submitted,Monocrystalline,Mono-c-Si,2.79,78.0,2.0,N,13.79,53.59,12.9,44.97,43.8,-0.3364,0.041,-0.254,,,2.648259202,42.81839669,10.25668712,41.43600398,,,,,,,2024-04-02 00:00:00,
Allesun Industries Inc.,Allesun-585-78IIMBG,"585 W, 156 half-cut cell dual glass monocrystalline module, 1500V max system Vdc",UL 61730,585.0,549.9,,No Information Submitted,No Information Submitted,Monocrystalline,Mono-c-Si,2.79,78.0,2.0,N,13.86,53.73,12.97,45.11,43.8,-0.3364,0.041,-0.254,,,2.662629601,42.95169834,10.31234356,41.56500199,,,,,,,2024-04-02 00:00:00,
Allesun Industries Inc.,Allesun-590-78IIMBG,"590 W, 156 half-cut cell dual glass monocrystalline module, 1500V max system Vdc",UL 61730,590.0,554.7,,No Information Submitted,No Information Submitted,Monocrystalline,Mono-c-Si,2.79,78.0,2.0,N,13.93,53.87,13.04,45.25,43.8,-0.3364,0.041,-0.254,,,2.677,43.085,10.368,41.694,,,,,,,2024-04-02 00:00:00,
Alps Technology,ATI-S572-175,175 W Monocrystalline Module,UL 1703,175.0,151.3,,No Information Submitted,No Information Submitted,Monocrystalline,Mono-c-Si,1.2873999999999999,72.0,1.0,N,5.17,43.99,4.78,36.63,49.9,-0.5072,0.0415,-0.3616,0.0001,-0.5073,0.9929938900203666,34.923945205479455,3.679918533604888,32.043723287671234,Rack,Flat Plate,0.82,1.57,1.0,0.19816722402541245,,
Alps Technology,ATI-S572-180,180 W Monocrystalline Module,UL 1703,180.0,155.7,,No Information Submitted,No Information Submitted,Monocrystalline,Mono-c-Si,1.2873999999999999,72.0,1.0,N,5.31,44.06,4.9,36.72,49.9,-0.5072,0.0415,-0.3616,0.0001,-0.5073,1.0179226069246436,35.00975342465753,3.7723014256619147,32.12245479452055,Rack,Flat Plate,0.82,1.57,1.0,0.19798455263231315,,
Alps Technology,ATI-S572-185,185 W Monocrystalline Module,UL 1703,185.0,160.2,,No Information Submitted,No Information Submitted,Monocrystalline,Mono-c-Si,1.2873999999999999,72.0,1.0,N,5.43,44.14,5.03,36.79,49.9,-0.5072,0.0415,-0.3616,0.0001,-0.5073,1.044928716904277,35.076493150684925,3.872382892057026,32.1836904109589,Rack,Flat Plate,0.82,1.57,1.0,0.19812127016998302,,
Alps Technology,ATI-M660-220,220 W Polycrystalline Module,UL 1703,220.0,189.1,,No Information Submitted,No Information Submitted,Polycrystalline,Multi-c-Si,1.60974,60.0,1.0,N,7.95,36.06,7.3,30.12,50.2,-0.5196,0.0548,-0.3624,-0.0413,-0.4835,1.4113956466069142,29.50530612244898,5.56145966709347,26.472816326530612,Rack,Flat Plate,0.99,1.626,1.0,0.1892893664228583,,
Alps Technology,ATI-M660-225,225 W Polycrystalline Module,UL 1703,225.0,193.6,,No Information Submitted,No Information Submitted,Polycrystalline,Multi-c-Si,1.60974,60.0,1.0,N,8.04,36.24,7.44,30.24,50.2,-0.5196,0.0548,-0.3624,-0.0413,-0.4835,1.4384635083226633,29.62285714285714,5.668117797695263,26.578285714285713,Rack,Flat Plate,0.99,1.626,1.0,0.18938399561002375,,
Alps Technology,ATI-M660-230,230 W Polycrystalline Module,UL 1703,230.0,198.0,,No Information Submitted,No Information Submitted,Polycrystalline,Multi-c-Si,1.60974,60.0,1.0,N,8.1,36.42,7.58,30.36,50.2,-0.5196,0.0548,-0.3624,-0.0413,-0.4835,1.4655313700384123,29.740408163265304,5.774775928297055,26.683755102040816,Rack,Flat Plate,0.99,1.626,1.0,0.18950217878700773,,
Alps Technology,ATI-M660-235,235 W Polycrystalline Module,UL 1703,235.0,202.5,,No Information Submitted,No Information Submitted,Polycrystalline,Multi-c-Si,1.60974,60.0,1.0,N,8.23,36.72,7.68,30.6,50.2,-0.5196,0.0548,-0.3624,-0.0413,-0.4835,1.484865556978233,29.975510204081633,5.850960307298336,26.89469387755102,Rack,Flat Plate,0.99,1.626,1.0,0.18940256448889523,,
Alps Technology,ATI-M660-240,240 W Polycrystalline Module,UL 1703,240.0,207.0,,No Information Submitted,No Information Submitted,Polycrystalline,Multi-c-Si,1.60974,60.0,1.0,N,8.32,36.84,7.83,30.72,50.2,-0.5196,0.0548,-0.3624,-0.0413,-0.4835,1.5138668373879642,30.093061224489798,5.965236875800256,27.000163265306124,Rack,Flat Plate,0.99,1.626,1.0,0.18982036426350313,,
"ALTERNATIVE ENERGY (AE) SOLAR CO., LTD.",AE385MD-108BS,"385W, 108 half-cut cell bifacial monocrystalline module, transparent backsheet, 1500V max system Vdc",UL 61730,385.0,358.9,,No Information Submitted,No Information Submitted,Monocrystalline,Mono-c-Si,1.93,54.0,2.0,N,13.52,36.7,12.65,30.4,46.9,-0.32,0.036,-0.248,,,2.59,29.42,10.36,28.2,,,,,,,2024-07-22 00:00:00,
"ALTERNATIVE ENERGY (AE) SOLAR CO., LTD.",AE390MD-108,"390 W, 108 half-cut cell monocrystalline module, white backsheet and silver frame, 1500V max system Vdc",UL 61730,390.0,360.9,,1647846000,No Information Submitted,Monocrystalline,Mono-c-Si,1.93,54.0,2.0,N,13.6,36.81,12.83,30.4,46.7,-0.3571,0.038,-0.2652,,,2.63,29.55,10.47,28.23,,,,,,,2024-07-22 00:00:00,
"ALTERNATIVE ENERGY (AE) SOLAR CO., LTD.",AE390MD-108BS,"390W, 108 half-cut cell bifacial monocrystalline module, transparent backsheet, 1500V max system Vdc",UL 61730,390.0,363.7,,1663311600,No Information Submitted,Monocrystalline,Mono-c-Si,1.93,54.0,2.0,N,13.61,36.9,12.73,30.6,46.9,-0.32,0.036,-0.248,,,2.61,29.61,10.42,28.4,,,,,,,2024-07-22 00:00:00,
"ALTERNATIVE ENERGY (AE) SOLAR CO., LTD.",AE390MD-108E,"390 W, 108 half-cut cell monocrystalline module, black backsheet and frame, 1500V max system Vdc",UL 61730,390.0,358.8,,1685602800,No Information Submitted,Monocrystalline,Mono-c-Si,1.93,54.0,2.0,N,13.5,36.5,12.82,30.4,47.5,-0.369,0.046,-0.276,,,2.62,29.43,10.47,28.0,,,,,,,2024-07-22 00:00:00,
"ALTERNATIVE ENERGY (AE) SOLAR CO., LTD.",AE395MD-108,"395 W, 108 half-cut cell monocrystalline module, white backsheet and silver frame, 1500V max system Vdc",UL 61730,395.0,365.7,,1647846000,No Information Submitted,Monocrystalline,Mono-c-Si,1.93,54.0,2.0,N,13.71,36.94,12.92,30.57,46.7,-0.3571,0.038,-0.2652,,,2.65,29.72,10.54,28.39,,,,,,,2024-07-22 00:00:00,
"ALTERNATIVE ENERGY (AE) SOLAR CO., LTD.",AE395MD-108BS,"395W, 108 half-cut cell bifacial monocrystalline module, transparent backsheet, 1500V max system Vdc",UL 61730,395.0,368.5,,1663311600,No Information Submitted,Monocrystalline,Mono-c-Si,1.93,54.0,2.0,N,13.7,37.0,12.81,30.8,46.9,-0.32,0.036,-0.248,,,2.62,29.8,10.49,28.6,,,,,,,2024-07-22 00:00:00,
"ALTERNATIVE ENERGY (AE) SOLAR CO., LTD.",AE395MD-108E,"395 W, 108 half-cut cell monocrystalline module, black backsheet and frame, 1500V max system Vdc",UL 61730,395.0,363.6,,1685602800,No Information Submitted,Monocrystalline,Mono-c-Si,1.93,54.0,2.0,N,13.55,36.7,12.88,30.6,47.5,-0.369,0.046,-0.276,,,2.63,29.63,10.52,28.2,,,,,,,2024-07-22 00:00:00,
"ALTERNATIVE ENERGY (AE) SOLAR CO., LTD.",AE400MD-108,"400 W, 108 half-cut cell monocrystalline module, white backsheet and silver frame, 1500V max system Vdc",UL 61730,400.0,370.4,,1647846000,No Information Submitted,Monocrystalline,Mono-c-Si,1.93,54.0,2.0,N,13.79,37.03,13.03,30.71,46.7,-0.3571,0.038,-0.2652,,,2.68,29.85,10.63,28.52,,,,,,,2024-07-22 00:00:00,
"ALTERNATIVE ENERGY (AE) SOLAR CO., LTD.",AE400MD-108BS,"400W, 108 half-cut cell bifacial monocrystalline module, transparent backsheet, 1500V max system Vdc",UL 61730,400.0,373.3,,1663311600,No Information Submitted,Monocrystalline,Mono-c-Si,1.93,54.0,2.0,N,13.79,37.1,12.9,31.0,46.9,-0.32,0.036,-0.248,,,2.64,29.97,10.56,28.7,,,,,,,2024-07-22 00:00:00,
"ALTERNATIVE ENERGY (AE) SOLAR CO., LTD.",AE400MD-108E,"400 W, 108 half-cut cell monocrystalline module, black backsheet and frame, 1500V max system Vdc",UL 61730,400.0,368.3,,1685602800,No Information Submitted,Monocrystalline,Mono-c-Si,1.93,54.0,2.0,N,13.6,36.9,12.96,30.8,47.5,-0.369,0.046,-0.276,,,2.65,29.84,10.59,28.4,,,,,,,2024-07-22 00:00:00,
"ALTERNATIVE ENERGY (AE) SOLAR CO., LTD.",AE405MD-108,"405 W, 108 half-cut cell monocrystalline module, white backsheet and silver frame, 1500V max system Vdc",UL 61730,405.0,375.2,,1647846000,No Information Submitted,Monocrystalline,Mono-c-Si,1.93,54.0,2.0,N,13.86,37.15,13.13,30.86,46.7,-0.3571,0.038,-0.2652,,,2.7,30.0,10.71,28.66,,,,,,,2024-07-22 00:00:00,
"ALTERNATIVE ENERGY (AE) SOLAR CO., LTD.",AE405MD-108BS,"405W, 108 half-cut cell bifacial monocrystalline module, transparent backsheet, 1500V max system Vdc",UL 61730,405.0,378.1,,1663311600,No Information Submitted,Monocrystalline,Mono-c-Si,1.93,54.0,2.0,N,13.87,37.2,12.98,31.2,46.9,-0.32,0.036,-0.248,,,2.66,30.16,10.63,28.9,,,,,,,2024-07-22 00:00:00,
"ALTERNATIVE ENERGY (AE) SOLAR CO., LTD.",AE405MD-108E,"405 W, 108 half-cut cell monocrystalline module, black backsheet and frame, 1500V max system Vdc",UL 61730,405.0,373.1,,1685602800,No Information Submitted,Monocrystalline,Mono-c-Si,1.93,54.0,2.0,N,13.65,37.1,13.05,31.0,47.5,-0.369,0.046,-0.276,,,2.67,30.02,10.66,28.5,,,,,,,2024-07-22 00:00:00,
"ALTERNATIVE ENERGY (AE) SOLAR CO., LTD.",AE410MD-108,"410 W, 108 half-cut cell monocrystalline module, white backsheet and silver frame, 1500V max system Vdc",UL 61730,410.0,380.0,,1647846000,No Information Submitted,Monocrystalline,Mono-c-Si,1.93,54.0,2.0,N,13.94,37.23,13.22,31.03,46.7,-0.3571,0.038,-0.2652,,,2.72,30.16,10.79,28.81,,,,,,,2024-07-22 00:00:00,
"ALTERNATIVE ENERGY (AE) SOLAR CO., LTD.",AE410MD-108BS,"410W, 108 half-cut cell bifacial monocrystalline module, transparent backsheet, 1500V max system Vdc",UL 61730,410.0,382.9,,1663311600,No Information Submitted,Monocrystalline,Mono-c-Si,1.93,54.0,2.0,N,13.95,37.3,13.04,31.5,46.9,-0.32,0.036,-0.248,,,2.67,30.39,10.67,29.1,,,,,,,2024-07-22 00:00:00,
"ALTERNATIVE ENERGY (AE) SOLAR CO., LTD.",AE410MD-108E,"410 W, 108 half-cut cell monocrystalline module, black backsheet and frame, 1500V max system Vdc",UL 61730,410.0,377.8,,1685602800,No Information Submitted,Monocrystalline,Mono-c-Si,1.93,54.0,2.0,N,13.7,37.3,13.12,31.2,47.5,-0.369,0.046,-0.276,,,2.68,30.21,10.72,28.7,,,,,,,2024-07-22 00:00:00,
"ALTERNATIVE ENERGY (AE) SOLAR CO., LTD.",AE415MD-108,"415 W, 108 half-cut cell monocrystalline module, white backsheet and silver frame, 1500V max system Vdc",UL 61730,415.0,384.8,,1647846000,No Information Submitted,Monocrystalline,Mono-c-Si,1.93,54.0,2.0,N,14.02,37.38,13.31,31.19,46.7,-0.3571,0.038,-0.2652,,,2.73,30.32,10.86,28.96,,,,,,,2024-07-22 00:00:00,
"ALTERNATIVE ENERGY (AE) SOLAR CO., LTD.",AE415MD-108E,"415 W, 108 half-cut cell monocrystalline module, black backsheet and frame, 1500V max system Vdc",UL 61730,415.0,382.6,,1685602800,No Information Submitted,Monocrystalline,Mono-c-Si,1.93,54.0,2.0,N,14.02,37.4,13.31,31.2,47.5,-0.369,0.046,-0.276,,,2.72,30.17,10.87,28.7,,,,,,,2024-07-22 00:00:00,
"ALTERNATIVE ENERGY (AE) SOLAR CO., LTD.",AE435MD-120BS,"435W, 120 half-cut cell bifacial monocrystalline module, transparent backsheet, 1500V max system Vdc",UL 61730,435.0,402.6,,1663311600,No Information Submitted,Monocrystalline,Mono-c-Si,2.14,60.0,2.0,N,13.66,41.0,12.91,33.8,46.8,-0.356,0.045,-0.274,,,2.58,33.38,10.29,32.1,,,,,,,2024-07-22 00:00:00,
"ALTERNATIVE ENERGY (AE) SOLAR CO., LTD.",AE440MD-120,"440 W, 120 half-cut cell monocrystalline module, white backsheet, silver frame, 1500V max system Vdc",UL 61730,440.0,408.4,,1647846000,No Information Submitted,Monocrystalline,Mono-c-Si,2.14,60.0,2.0,N,13.7,41.0,12.96,34.0,46.9,-0.343,0.05,-0.259,,,2.61,33.45,10.39,32.2,,,,,,,2024-07-22 00:00:00,
